gender,score,comment,upCount,userLevel
1,1,我只能说李沁都给拍难看了多余的不想说垃圾电影,0,3
0,9,看之前没想到这么好笑，不错的电影，适合一家一起看。,1,2
1,2,什么都不想说了,0,2
1,1,全无剧情，如同流水账；人物单薄如纸，看不出感情线，看不出联系。除了部分图片还行，找不到亮点。如果没看过原著更觉得是云山雾罩。另外碧瑶为啥长成那样？林惊羽也成了路人甲，这是没经费了吗？比个武还在野外，青云门好歹也是武林大派，能修个擂台不？,1,4
0,1,惊羽的头发上顶的老鼠发型，实在是醉了……发型师是个迷,0,2
2,7,不明所以的一部电影，感觉像摘抄了一小段文章出来拍拍的一样的感觉。,0,3
2,10,我爱肖战！！！超级推荐！！！！但是我酸了！！！既然亲了！！！！,0,2
2,8,几个演员演技都在线，可能我没看过小说，所以我觉得挺好看的啊，少一分是因为结局,1,2
2,8,可以，画面打斗不错，故事内容单薄了些,2,3
2,10,战战永远是最优秀的战战。,1,1
0,5,与期待不一样，我以为他们修炼不骑马的,0,2
1,10,还阔以还阔以,0,2
2,3,三分是给战战的,0,3
1,3,我的天，能不能更烂点，碧瑶挡了个天琊剑？,0,3
2,10,肖战太帅了啊啊啊啊啊啊！我爱了！,0,3
0,1,我就想说，碧瑶为什么不是女主角？,1,3
0,1,看完了诛仙，我想问一句：诛仙呢？,3,2
2,10,我没看过原著，只是作为消遣去看的，想看唯美的仙侠剧，景色很美，看了心情舒畅，前面一直带着喜剧色彩，挺放松的，后面的部分，觉得有些仓促，画风转的太快，结尾挺有些悲壮凄凉，老公是原著党，跟我说，诛仙写了若干年的作品，你一个半小时就想啥都看懂，看的不仓促，笑话??，总体来说还是不错的！,0,2
0,1,不好看不好看,0,3
1,1,说实话，比shi还shi,0,3
0,6,结局是什么，就算有后续，也不能这么草率吧,0,3
2,8,结局太仓促了,0,2
1,1,太烂了，毁经典,0,5
0,6,……只有第70分钟惊艳到我了,1,1
2,10,加油战战，好棒支持！！！！,1,2
0,6,全程演技最好的应该是猴子和大黄了 小战演技还是不错的 李沁中规中矩 孟美其演技还需磨练演成了喜剧片 剧情有些混乱,0,1
1,1,太毁原著了，失望透了，全程没见到诛仙剑。张小凡竟然对大竹峰的人出手。张小凡秒杀青云各首座？碧瑶被陆雪琪杀的？诛仙剑阵让你们吃了？,0,2
2,7,冲着肖战去的,0,4
1,10,画面不错，拍的可以。,0,2
0,10,肖战爱了爱了爱了  非常爱！！！！！！！,0,3
0,10,不说了，只喜欢沁沁,0,2
1,1,辣鸡中的战斗机，剧情一点不突出，乱七八糟的最后结尾简直就是扯蛋,0,1
0,2,太无聊了，大白话文,0,3
0,6,一般吧，就当丢钱了,0,2
0,7,结局很仓促，如果你是想看特效片或者搞笑片还是可以看的，剧情很乱，而且改编的挺多的，李沁演出我想要的陆雪琪的样子，权当是打发时间。,0,3
2,10,特效和演员演技很不错，造型不够漂亮！,0,2
2,6,结局很是------哎,0,3
2,1,难看！！！！！！巨难看,1,2
0,2,"浪费我的宝贵时间0分
",1,5
1,4,不用去电影看，光看演员就不想看。,0,2
0,6,真心不太喜欢，和原著一点都不一样，还没有电视剧版的好看，剧情都是乱的，来看这个电影也就能看一下颜值吧，有些些许的失望，差不多也能对的起这个评价的分数了吧，也不太高,1,3
2,10,真心想给壹?，不求还原原著，但是我看到了一个什么鬼剧情！！！张小凡一个新手村未毕业的人拿着一根烧火棍直接吊打七峰清境界的峰主。还好主演是肖战，我就是去看人，其他演员在我都是马赛克,0,1
1,10,期待下一集的到了.质感超好.,0,3
2,10,非常完美，太美妙了,1,2
1,6,希望诛仙2能换个演员来演碧瑶，不能毁了这部电影啊！,1,2
2,10,电影很好看的啊，没有说的那么差，要是用原音就更完美了，是我喜欢的张小凡了,0,1
0,7,魔改的剧情，特效也不太行,0,4
1,10,还可以吧一般一般 就是电影太短了,2,2
1,6,哎 真不该看的 毁了原著,0,3
1,8,怎么说呢，没有看过原著，也不是粉丝，服化道特效真的一言难尽，反派设计我是醉了。剧情留白过多，对话情节有点出戏，笑点略低。男主演技除了尴尬的台词结尾表情其他还不错，女演员我觉得还好。故事还比较令人期待。希望下一部对得起大家期望,2,3
0,10,第一次看4D电影，诛仙做的很用心，也很好看，各位演员们还有工作人员们拍戏辛苦了！,0,2
1,6,服装布景都显得破破烂烂的，不像修仙的，倒像是丐帮的。至于剧情，实在是懒得吐槽了,1,3
0,9,很不错，片子的演员也不错,1,0
0,9,很好笑，拍的不错，值得一看。,1,3
2,10,必须推荐 超爱,0,2
0,10,挺好的啊  喜欢,0,2
0,10,好看的要死啊,0,2
0,5,中间睡着了。。,0,1
2,7,肖战演的还是不错的，比三白眼好多了，碧瑶还是赵丽颖的好,2,2
2,10,太好看了，超级喜欢美岐,0,2
0,10,小赞演技真好，未来可期????,0,1
0,10,为了我战歌，五星好评,0,1
1,1,全篇也就猴子小灰演技在线,4,3
0,10,2019.09.21.星期六，奥山看了，非常好看？,0,3
2,2,造型惨不忍睹，头发造型和丐帮似得，明明是天下第一帮派，和魔教打斗那块，那魔教有点像妖怪，前面剧情太拖拉，后面剧情太紧凑，剧情烂造型烂，全靠演技撑着，这电影看着和电影三生三世十里桃花似得惨不忍睹,0,1
2,10,真的很好好看,0,2
2,9,因为我家战战去看的，整体还可以吧，唐艺昕的师姐挺不错，就是碧瑶不怎么喜欢，,0,2
0,1,失望，期待越高失望越大,0,2
1,10,特效画面不错    挺欢喜的电影,0,3
1,3,不怎么好看，特效太花里胡哨了，演员不够到位。结局的时候就感觉就是世界大爆炸一样，没有电视剧演的到位。,1,2
1,2,别的就不多说了，《诛仙》算是我读过为数不多的修仙网络小说，被魔改成这样，实在是难受～原著中很多有血有肉有魅力的人物，变成了傻子，痴汉，**…编剧无疑是太蠢了，这何必叫诛仙呢…叫仙诛我都不会那么气愤,1,5
0,9,还不错哦。肖战棒棒哒。,0,2
2,9,剧情总体还算不错的，主要是想看孟美岐，被最后的拥抱酥到了，很喜欢的镜头之一。,0,3
1,1,反正挺坑的。,1,3
2,7,期待诛仙第二部,0,2
1,7,编剧编得不怎么样,0,2
1,8,还行，张小凡演技炸裂,0,4
1,8,前部分不错 后面的情节就有点突兀,0,2
0,1,我看了个什么东西，真是无力吐槽了,1,2
0,8,冲着肖战来看的，虽然剧情一般，但是战战的演技却很不一般，战战，加油！期待诛仙2的你！??,1,3
2,10,肖战特别好看,1,2
2,5,"里面人物形象都蛮符合的，几个片段可圈可点，情感非常到位，演的最好的竟然是孟美岐？？眼神凌厉又不失活泼可爱！！还有师傅师娘，太亲了！！
总体来说编剧没抓住重点，没体现张小凡练两种功法不得要领的纠结，也没体现他和碧瑶日久生情的样子，草草见了几面就带人家私奔了？？既然选择在大战这个节点，碧瑶才是主角，陆雪琪田灵儿都是配角懂吗！！平分三位的戏份是出于什么考虑？？再有那四个护法都能去拍鬼片了??应该给几位的出场配一个“全场最佳”",1,2
2,7,还不错哦 肖战演技可以的,0,4
1,10,挺好的电影   希望有第二部电早日开拍,1,3
1,1,垃圾中的垃圾,1,3
1,1,除了名字叫诛仙 看不到哪点与小说诛仙有关系,0,2
2,1,不好看，不推荐，电影时长短，故事不突出,1,2
2,10,当一个新剧情的电影来看 挺棒的呀 三个女生都很可爱 肖战也超级帅 啊好棒！,1,3
1,1,林惊羽一出场，把我笑死了，这**能找个比这还丑的演员吗？,0,3
0,10,好看，演技超棒,1,2
0,10,非常非常棒～,1,2
1,10,说剧情不好的，下次自己拍电影更好。说实话碧瑶的角色不够美，主要是造型不太好看，肯定得罪了造型师,0,2
2,9,肖战很棒啊！,0,2
1,3,三分吧，我是不介意改编的，但这个真不行……开始还只是为了省制作费，怎么好拍怎么拍。从鬼王宗几个妖怪魔术师出来之后，就有种自暴自弃的味道，乱七八糟……,1,3
1,8,还可以，除了小凡和陆雪琪，其他人物造型太雷人了，幽姬颠覆了我的想象，太恶心了,2,3
2,10,"超级好看
，演技还可以",0,2
0,7,"配音不??
战哥演技在线",0,2
2,9,还可以，里面的小猴子很逗,0,2
1,9,剧情有点甜，最后很伤感，不过完全是一部值得观看的仙侠片,2,2
2,8,李沁小姐姐好看～,1,1
1,8,挺好看的，充满了笑点，幽默却不失风雅,1,2
2,10,超级好看，我战战超级好看，宝藏男孩，爱死了?? ,0,2
1,2,实话两份都不想给。,1,2
1,2,特别好看，一定要去看看，不看会后悔,6,1
0,8,"鬼王又名鬼超人 尤其擅长飞行
动作差一点 特效满分
适合没看过小说的人去看 与小说改动挺大 看着挺尬的",1,3
2,10,我觉得不错啊！勾起了我想买书看的欲望，特效满分！除了碧瑶的演技不太出彩外，其他的演技都还行,1,2
0,10,没有看过小说   但是看着还不错,0,3
0,10,好看不错。满意,0,1
1,3,期望越大失望越大根本不是按照小说的剧情拍的,2,3
1,8,画面感还不错。。,0,2
1,5,一般般，没个好的结局,0,2
2,10,李沁和唐艺昕都好美呀！很多点真的蛮好笑哈哈哈哈哈哈,0,2
1,8,还可以，就是跨度太大，看完没觉得有什么特别亮的地方,0,1
1,8,还可以，就是跨度太大，看完没觉得有什么特别亮的地方,0,1
2,5,碧瑶 真的败笔,0,2
2,1,剧情先不讨论，造型和服饰真的很丑，可以参考一下诛仙游戏的mv，稍微还原一下效果会更好。,0,1
1,10,因为评四星是“较好”所以评了五星，看电影之前写的评论，祝大发,0,3
1,1,非常一般    非常一般   非常一般   非常一般   差点睡着,1,1
1,1,乱改原著 剧情烂 人物造型烂 演技更烂 苦了我们这帮看电影的了 煎熬的两个小时,1,4
0,2,补怎么样 没有任何新意,1,1
0,1,看过所有电影最难看的一部,0,1
2,10,抱着试试看的想法，没想到这么好看，大家可以去看看，不错,0,2
0,0,太差了吧，失望失望，浪费钱,0,1
0,8,很搞笑，挺好看的,0,2
2,6,到底谁是女主啊,0,3
0,10,挺好的，就感觉没看够就结尾了,1,2
0,5,太让人失望了，哪里是什么仙界啊，环境设计的太烂了，修仙的众位师兄弟，一点仙气没有，穿的破破烂烂的，到像是丐帮，总之很失望！！?? ?? ?? ,2,3
0,10,我我我....就是为了战战去看的，剧情很** 我无语了,0,2
2,5,冲着肖哥哥去的，服装发型配音都无力吐槽，还烂尾，毁了我肖哥哥形象啊,1,2
2,1,之前看宣传片就知道服化一团糟，不过本着人与人之间的信任冲着7点多的评分我还是去看了，结果呢，你让我看个啥？？？？？？？诛仙剑呢？？？？剧情改的个啥？？？人家张小凡只有天音和青云两派的功法，只不过用了个嗜血珠和摄魂而已。咋最后惊羽成了个嫉妒兄弟的蠢货？小师妹还死了？？？碧瑶还活着？？？惊羽造型跟日本人一样。。。**什么鬼,1,3
2,6,不好看，只有肖战的演技撑起来所有，服装道具啥的都很一般，只有魔教出现的那一段还有点惊艳，李沁戏份太少了。,1,3
2,10,好看的一部电影??????????值得良心推荐,1,2
1,4,剧情差评，好无体验感,0,3
2,10,好 挺好看的  喜欢肖战,2,3
2,10,为战哥看的 演技炸裂,2,0
0,1,这个是什么鬼？烂,2,3
0,10,中秋假期第二天看了，我喜欢,0,1
0,6,一部古装仙侠剧活生生让导演拍成了乡村爱情之丐帮争霸赛，剧情极其紧凑，看成仙侠剧的收棺之作，牛批牛批，除了牛批我说也不啥了,2,1
1,6,期待续集的精彩展现,1,2
1,1,真烂的片，后悔看,2,2
0,10,好看好看好看,1,2
2,2,如果不是肖战，不进去。为了战哥，进去了。后悔了。这什么破剧，开头那幕我能理解，但背景音乐和音效能不能走点心，之后碧瑶和张小凡互述心思。妈的，想骂人。编剧你台词是那个混蛋教的，生硬。只有两个字。对于演员。我不想评价。说实话。还可以。这剧。我只想骂编剧。导演，还有后期。,6,2
0,5,一根木棍的故事,0,3
1,10,和一个妹子去的，我想追她。大家祝我成功。,6,1
1,1,剧情垃圾，垃圾男主角,0,3
1,3,这是修真吗，明明拍的是武侠好吗？请尊重原著啊？？？？？？？？？？？？看不下去了啊！！！！！！！,1,2
0,1,我感觉恶心的程度还不够，编剧、导演、演员都还需努力,1,2
0,9,"其实说真的没看过小说，说出来会不会很low,就之前看了几集电视剧版的，说真的除了田灵儿的配音跟开头的那块肉，都还不错的，战战的演技也是可以的！",0,3
0,10,太**好看了,0,2
1,7,挺好的???(??? ??)??·爱心发射,0,2
1,10,演员演技超棒，就是编剧。。。。。,0,3
2,10,特效燃，演员演技都在线,0,0
0,9,还不错，没有很好，但也达到我的要求，我很期待第二部！,0,2
1,9,整体挺好～演员演的不错，特效欠缺许多细节处理,0,3
2,1,拜托这部电影的导演以后千万不要再拍仙侠或玄幻剧了，误人子弟!,3,2
1,1,"给1分只是因为电影占了诛仙这个名字，改编的什么烂剧情，一群修真的人天天去
小竹峰猥琐偷窥的剧情也不嫌尬？
",4,4
2,2,不好看，浪费我时间,1,3
1,1,还我碧瑶、还我陆雪琪，拍的屎一样，青云门这么弱鸡吗？这是仙侠剧，比武跟小孩打架一样，还习武。**！！！,2,3
1,8,可以以以以以,0,2
0,10,这10分是给特效的。,1,0
1,10,完美！期待第二季……,0,5
2,9,值得修仙的人观看,0,2
1,3,1分给狗，1分给猴儿，1分给棍儿！！！不能再多了！,12,1
1,6,真的一般般  看原著来的  果然不能改编,0,2
2,9,演员选的不错，剧情也可以,0,2
0,8,很好很好哦 。,0,4
0,4,感觉不好看，就是有点好笑而已,0,2
2,10,超级好看，剧情搞笑而又感动！给演员们点赞！?? ?? ?? ,0,4
0,7,一般般，省略的太多了,0,3
1,1,失败，凌乱，不是讲情怀，但真的太乱了，最好看的居然是田灵儿，碧瑶，幽姨，尤其是鬼王，人设崩塌，鬼王是一个文士好嘛！！！不是因为叫鬼王，他就必须长得像鬼。看电影唯一一次想提前离场。,3,1
0,10,特别喜欢，推荐观看,0,2
0,2,特别失望！原以为对诛仙的改编的青云志已经很烂了。期望电影能好一些。但是依旧是乱改！伤心??啊！一部诛仙说道不尽正邪，言不要爱恨！诛仙一出群魔辟！没有诛仙，没有绝情咒！哎！失望啊！,5,3
2,10,喜欢，不负众望,1,3
0,1,2.25的电影。2.30还打着广告里。,0,3
2,1,不好看，投资少，票价贵，剧情无脑，披着仙侠讲感情，无聊，配音难受,2,2
0,10,太棒了吧，我的天，肖战太帅了吧！我的天,0,2
1,8,剧情也。。。,0,3
0,5,好无聊……只有寥寥无几的人看,0,2
0,10,肖战肖战，大赞肖战！,0,1
2,10,??????,1,2
0,10,很好很好很好,0,2
1,1,没意思，画面太差劲,0,2
0,10,还可以！不难看,0,2
1,3,首先，真的编剧死的早，这改的看的我一脸懵逼。然后看了半天，感觉里面的演技担当是那只猴！,3,3
2,6,及格吧，孟美岐出戏，其他演员不错，编剧，导演水平有限,3,2
0,10,很好看，喜欢,0,2
1,10,肖战的演技真的不错,0,1
0,1,实话实说，这电影就跟我初中时写的作文一样，除了纸没一样连在一起的；原著里铺垫了好久的场景，电影里没一点铺垫，观众看得不明不白的；特效也不多说了，我觉得还不如上半年看的狄仁杰，一部仙侠片特效不如一部武侠片？,5,3
0,8,好看，，，，，,0,1
0,10,诛仙很好看肖战好帅,0,0
1,1,什么都不想再多说了，当交税了！,2,3
0,10,睡着了   我女朋友看的挺来劲，还吃醋了，说白瞎男主了,0,1
2,10,将那么长的长编小说拍成90分钟的电影剧情，已经是很不错了！！不讲其他的！演员的演技就很精彩啊！,0,3
0,10,肖战的演技真的还不错未来可期,0,2
2,10,好看的，李沁好美,2,2
1,4,拍摄风格老气 宛如看80 90年代武侠片，剧情前期拖沓无聊，后期转折生硬，与原著水平差距交大。,4,3
1,6,造型真的太难看！！只能当情怀看看吧。不值得看,2,2
2,10,合格的爆米花电影,0,1
0,2,不咋地，，，,0,2
2,9,给九分 为了哥哥去看的电影 本来孟美岐演技争议就大 看的时候感觉没有那种代入感 我感觉这个电影整个情节有点问题 看到结尾就感觉没看完的感觉 。。。,0,2
0,1,***玩意啊太乱了，跟原著差远了，真心毁经典啊,0,1
1,10,在学校没法看，用优惠劵买的票，为了赚点活跃度,0,5
1,7,诛仙电影系列画面与音效还可以，细致的地方再做的得更好一点就好了！同时期待电影下一部上映，我相信导演在影片最后留下宣念，是为下一部电影做为铺垫，让我们期待下一部电影的播出吧！最后希望电影下一部做出3D以上的效果我相信会更好的！,0,4
0,7,开头的特效属实看着我有点尴尬。后面好多了,0,3
0,8,比较适合解压,0,5
0,10,武打不错，剧情一般，因为看过原著小说，还是搞笑的。,0,1
0,10,好看，李沁美肖战帅。,0,2
0,9,还不错，很喜欢,0,1
2,10,战战哥最帅！,0,2
1,1,简直没有0分可给，一点过程情节没有不说，故事情节硬套，烧火棍那么有灵性？什么操作都不要，烧火棍就能打败鬼王（鬼王一人就把青云门七大首座草翻在地），怎么不取名叫金箍棒？？林惊羽还因为小凡打赢他了生气？？电影真的是草翻原著！！,12,4
1,4,小女生基本上都是去看肖战的??而我却是看剧情的??,3,1
0,1,一分都不想给，烂片,0,3
2,10,很好看，站站演技真的不是盖的，,1,1
2,9,肖战很帅，值得观看,1,3
0,10,特别喜欢这部电影,2,2
2,10,没看过原著，但电影毕竟是电影，是没法拍的和原著一样，真心觉得电影不错,1,3
2,10,"肖战还好吧 李沁是高高在上的陆雪琪 唐艺昕的笑容很美 能融化人的感觉??
期待《诛仙2??》",1,3
0,1,没有逻辑，空有特效，纯属烂片,0,4
2,10,不错不错不错,0,1
0,10,希望还有下一部,0,2
2,1,总体看来就一个感觉——差！孟美岐全程演技超尬，一整部电影就靠李沁撑起来的，这电影票不值42块。。。。,4,2
1,10,看完1就想看2,0,2
2,10,挺搞笑的，还可以,0,2
2,6,真的是一般般,0,2
2,10,其他的都好，感觉碧瑶还是没赵丽颖演得好,1,1
0,8,一般吧…结尾不是很理想…碧瑶的饰演者真的不好看,1,3
1,9,可以的，很好看的！,0,3
2,2,真是肖站都救不了的一部烂片,1,3
0,10,挺好看的，感觉唐艺昕，还有李沁的演技超级好。很有代入感，很感动！！,4,1
1,7,还行吧，感觉剧情不是很好。,0,3
0,10,"挺好看的，和我妈妈一起去看的。当时去的晚了，整个包间就我们俩个人，有种包场了的感觉
哈哈哈",0,1
2,10,好嘞好嘞好嘞,0,2
1,1,好垃圾的不知道怎么过亿的,4,2
0,1,一堆10分肖战狗，垃圾电影，堪比上海堡垒,2,3
0,10,电影很好看啊，,0,2
2,10,和他一起看的都很喜欢，电影呢一般般吧……,2,2
2,2,什么破玩意儿！剧情烂得没法说，简直侮辱智商啊！比那个印度电影什么重生归来还要烂，不要去上当啊！,2,3
0,8,我是冲着肖站去看的??,1,2
2,10,"肖战演技不错，第一次演电影就演的这么好，看好你，加油！??
??????????",3,2
0,10,键盘侠永远都入不了正就跟狗改不了吃*一样的道理,0,2
1,4,好没意思的电影,0,4
2,10,挺好看的，本以为碧瑶会很尴尬，还行，那我就不喷了。主演的演技都特别好，李沁也是超美超仙的哦，但是配音是真的不行啊，听着老出戏了，最尬的是师姐的，希望第二部出来会好点，期待哦,0,2
2,10,电影很好    很震撼   就是结局有点不美好    希望有下一部,0,2
2,10,还可以吧特别搞笑有特别虐,0,2
0,9,剧情还是可以，特效比斗破好，有些镜头特别帅,0,1
2,1,说实话不好看，还不如电视剧版本,0,3
0,6,怎么说呢这部片子的配音太出戏了，本来战哥演的好好的，但是配音不给力，还有点恐怖元素，就有点不喜欢这个片子,0,3
0,6,李沁演技不错 其他没啥好看的,2,3
2,10,挺好的 效果很好,0,2
2,1,无力吐槽，哎……要不是女儿喜欢肖战，非得来看，这一分都不想给！,4,2
2,7,"思来想去打个7分吧，很意外，还不错，没片子看的影迷建议一试。首先视觉方面，个人觉得服装有点丑，发型上田灵儿和碧瑶有点视觉疲劳，好在画面精美，特效壮观用心。选角上，唐艺昕和李沁一如既往的好。没想到的肖战竟然演的还OK，没看过陈情令，对小鲜肉有点改观。孟美岐演技一般，但是导演慧眼，发掘的不错，长相很有特点，别有韵味，这版碧瑶我与别人看法不同，这样的人物才有记忆点，孟美岐我觉得选角上最正确。又或许是肖战孟美岐定位是爱豆，出乎意料罢了。内容上不足就是小凡与碧瑶感情发展有点突兀，可能是时长限制吧，交代很不够。还有听觉方面，一场下来我耳朵要聋了，过分营造场面。
总之还OK，以后不能带有色眼镜看待演员了??",4,3
1,9,个人觉得还是相当不错的，只是诛仙小说剧情复杂，只用2个小时就走一半的剧情还是太过勉强,0,4
0,8,良心影剧(? ??_??)?,0,2
2,6,及格，故事情节太平淡了，全无期待性可言,0,0
0,10,好????好????????????????,0,1
0,8,特效不错，电影一般般吧,0,3
1,2,垃圾电影，太垃圾了,1,3
0,9,挺好看的，还是希望张小凡最后能跟陆雪琪在一起。最后张小凡抱着碧瑶走了是什么鬼，啊啊啊，意难平，期待第二部，第三部。。。,3,1
1,10,不错不错不错,0,5
0,2,剧情太烂 感觉刚到高潮就结束了，半路夭折的节奏,6,3
1,5,什么剧情    ,0,3
2,10,喜欢肖战，所以十分！,1,1
1,10,好着，没有大牌明星更精彩，景色真美，动作也到位，更难得的是结局是所有人想不到的，男主最后带着第三女主走了，还是个魔教的，这是之前所有导演不敢做的事情，完美！真的值得推荐,1,3
1,1,诛仙的诛仙呢？搞个风火轮演哪吒啊？,2,2
2,8,造型太难看，不符合观众心里的形象，李沁不适合这个角色，碧瑶发型太太太丑了。肖战再帅演技再好，也经不起你们这么折腾。鬼王宗一伙拍鬼片效果应该不错。看在肖战的份上8分吧。呃,0,0
0,10,肖战肖战肖战,0,2
1,5,一般般，一部武侠电影被宣传成了仙侠电影。,0,4
0,10,肖战很帅，演技不错,0,1
2,6,剧情真的不好 但演员是真的好,0,2
2,10,太好看了，肖战，站哥哥也特别帅，就是造型有些雷人,0,2
2,10,前面挺搞笑的,0,3
1,2,还能更差一点吗？,2,1
1,6,"诛仙是一部很好的小说，人物感情描写细腻，真的是我看过的小说里面排在前几的。可以电影拍的还是有些略为勉强的。特效确实算是用心了，很不错。个人认为败笔有如下几处，
1，陆雪琪和碧瑶觉得刻画的不太好，电视剧的杨紫演的陆雪琪，赵丽颖演的碧瑶还是挺不错的，比这强多了。林惊羽天纵少年，这演的让我大跌眼睛。鬼王万人往一代枭雄，算是不正不邪，本身小说说的故事线就是有的正派还不如魔教，只是因为立场不同，才势不两立，这演的啥鬼王，完全一个黑无常
2，服装，实在是忍不下去了，这是修仙的，没必要搞得跟上古时期一样。衣服破破烂烂，没有一点修仙的样子，至少服装拉低3分。
综合只能给6分，其中两分是给这部小说的。",1,1
2,10,"后边的男人
真的很好看",0,1
0,3,剑呢，我问你诛仙剑呢,0,1
0,2,"石器时代的画风。编剧太烂了，莫名其妙的剧情，流水账的叙事，全程笑梗尬出天际，不仅俗套，还烂大街。没有任何人有人物形象，死了两个人我的内心没有一点点的波动。
不值这个价，这是一部演员用尽全力都拯救不了的电影。",9,2
0,9,挺有诚意的特效，看得出特效在影片中运用的很好。剧情不错，至少美女如云。演技还算在线，拍成系列片我会继续买票看的，咔咔,0,4
2,10,只能说赞叹！猴子的演技太好了！,1,1
0,8,当然是肖战最帅,1,1
0,3,不是很好，就是真的不怎么好看，没有剧情性，特效也不好,2,2
2,10,"9月13号就去看了，现在才评论，唉，给自己一个?? 
就是冲着哥哥去看的！哥哥综合能力很强，演技颜值三观，女主演们演技都不错。没看过原著和电视剧，不过电影还是不错的，虽然原著粉们觉得不好?? 
? 陌上肖如玉，公子战无双?
 ?肖烟四起，为战而来 ? 
?星河滚烫，你是人间理想 ? 
哥哥加油，小飞侠支持你！?? ",0,3
0,5,结束没尾。太平了,0,1
1,9,好看.....,0,2
1,6,实在太一般般了,0,4
1,1,毁经典，烂片,3,2
2,10,"特效挺棒
主要是因为mmq去看的
李沁版的陆雪琪超好看
陆雪琪和张小凡互动还是太少????
总之比预期的好看很多
期待续集",2,2
1,9,中影偷诛仙的票房 我有照片为证,0,1
1,5,怎么说呢 尴尬 异常尴尬 全程看得尴尬笑,2,2
2,10,期待第二部  很好看,0,2
0,8,就肖战的演技让我很惊讶，真的演得太好了，虽然不是科班出身，但是他的努力有目共睹。演员肖战未来可期。,1,2
2,9,画面唯美，正是我喜欢的，剧情内容少了些，喜欢李沁,1,3
0,10,很好看很喜欢肖战,0,2
1,1,纯烂片，一分给特效 一分给肖战撅撅嘴、其他的,4,2
1,6,一般！结尾太草率,0,2
2,8,冲着肖战看的。剧情没有重点，有点不知道说什么，全程坐不住，都是尿点。就战的演技可以认可,2,2
2,10,好看，有笑有泪，,0,3
0,10,非常好看，期待第二部,0,3
0,9,特效不错哥哥很棒！！！！！！！！！！！！！！！！！！,0,1
0,10,国产神作啊！不管是武打动作 或是电脑制作科幻方面 效果越做越好。超级好看！大赞！！期待第两部！！,0,4
0,1,毁了，大失所望。,10,4
2,7,emmm为了贡献票房强行看,0,3
0,10,被肖战演技惊艳到了！特别棒！,0,3
2,2,可拉倒吧，水军夸的天花乱坠的，还不是这个辣鸡样。,0,2
1,7,如梦如幻的仙侠世界，腥风血雨的江湖，自然也少不了江湖儿女的爱恨情仇。四位主演中，肖战首次参演电影登上大荧幕，表现可圈可点，而孟美岐也是很随意不做作，放得开，李沁以及唐艺昕更不用说，有经验的演员自然把握角色拿捏得当。除了人物角色，小猴和大黄这两位不会说话的小伙伴也是卖力出演，搞笑担当，无声胜有声。反面角色中，鬼王的几个手下各有特点，有点意思，很诡异邪恶印象颇为深刻。再接再厉，继续加强故事性和人物角色的塑造及心理刻画，希望诛仙电影版能成为广大粉丝和路人心中的经典系列。,2,4
1,1,猴子演技是最好的,7,2
0,6,这没有拍完吧。感觉一般般，就是演员好看,0,1
2,8,特效不错，结局有点仓促,1,3
0,4,但凡有一个人觉得好看，我都怀疑他是骗子！！！,2,3
2,8,肖战不错，未来可期,0,2
2,8,神兽只出现了一会，冲着那只神兽去的，结果影片我觉得还不错，善良老实的人总被欺负，唉，还是强大了比较好,0,3
1,3,开头还好，结局毁了！特效还好，不是3D。演碧瑶的演员不适合演碧瑶，没有灵气。其他勉强！,4,3
2,8,还还不错不错，挺搞笑的，嗯，还不错。,0,2
0,10,支持肖战棒棒哒,0,2
0,10,看了两遍，两遍都金艳到我了，但是还是那个吻戏不能接受，哈哈哈哈哈????,1,2
1,1,垃圾中的战斗机，毁我经典！最烂片，没有之一,3,2
2,10,挺有趣的！！！,0,3
0,8,"剧情2分，孟美岐和肖战的对手戏是爆笑场面，这是唯一值得夸赞的剧情，感觉导演不会讲故事，感情太突兀，无论是肖战和孟美岐还是肖战和李沁，根本没说几句话怎么就有感情了呢？太突兀，对诛仙完全不了解，电影看起来故事不完整，太跳脱，太突兀，有些画面很美，忍不住拍照，演员演技倒是没啥大问题，冲着肖战去的，感觉肖战在这里演技也可以，没有陈情令里演技好的那么突出，6分给肖战

",1,3
1,8,整体还行，结尾有点太草率了，感觉一下子就结束了。期待下一部,1,3
0,10,"好看，但是中间一部分跟看鬼片一样，哈哈哈哈哈
智齿肖战哥哥",2,2
2,10,好看，个人很喜欢,0,2
1,10,非常满意就好,0,1
0,6,特效太假，太刻意,0,4
1,9,肖战很呆萌，李沁很高冷，孟美岐很奔放，唐艺昕很俏皮，人物形象刻画得很有特点，特效场面爆燃，非常有中国古风仙侠的意境，剧情诙谐幽默，感人肺腑，期待下一步作品！,3,5
1,3,不算超烂，但烂是肯定的了,0,2
2,5,马马虎虎，的，的，的，,0,1
2,5,就是结局有点失望,0,3
1,2,糟蹋题材了，没有诛仙的感觉了，应该叫“侏讪”,5,3
2,10,哈哈哈非常好看,0,2
2,6,就是冲着肖战李沁去的,0,2
1,10,超级满意。我爱肖战。,0,1
0,1,冲碧瑶这造型，果断放弃观看的欲望,0,2
0,1,这不是仿青云志嘛，和青云志一模一样，硬是把电影大片拍成了，短电视剧的样子,4,2
2,1,史上最烂电影,0,3
1,10,我觉得挺好的，特效剧情都很好～,0,3
0,1,演的超级烂和辣眼睛,2,1
2,10,好看！喜欢这种,0,2
0,9,"电影里，男女主角和配角们，大家都是飞人，在空中飞来飞去的打斗，伟伟俺非常喜欢观看！因为，俺感觉，好像是俺在飞来飞去的!飞翔的场景，壮美！有看头！
男主角和三个女主角的关系，大致是这样的：
1.男主角爱女主角，但是女主角爱的是另外的人!
男女主角的关系，就像姐弟!2.男女主角之间，没有爱情和亲情，一见面，两个人就打打杀杀，这个过程中，如果谁手下留情了，这也许就是一种人间罕的爱，放你一马!3.女主角一边和男主角打斗，一边设局害男主角，但是男主角有生命危险的时候，女主角毫不犹豫地挺身而出，为男主角挡下这一刀!这才是真正的爱情，所以，最后男主角带着这个女主角云游四方去了!真心诚意的相亲相爱，最难得!
",0,6
1,3,好看好??真好看,0,3
0,10,看在肖战的颜值上，给5星。,0,2
0,10,还不错哦哈哈,0,3
2,10,很好，孩子挺喜欢的,0,2
0,7,演员当红剧情垃圾，磕磕肖战李沁可以了管啥剧情好不好呢，鉴于演员的热度我还是给诛仙一点分数，就从电影品赏的角度实在不敢恭维,1,3
2,8,很好，很喜欢,0,1
0,6,6分给肖战，也就是冲着肖战买的票,0,2
0,10,好看，还有点感人,0,2
1,8,还好啦，感觉也不是特别差，反正还可以看,0,2
0,6,特效一般般，剧情也是一般般。就是图个娱乐一下。,1,3
2,8,"冲着李沁去看的?? 本以为是女主角
害    戏份实在是太少了……………李沁出场太美了绝了?? 姐姐真的太艳了 我滴天      整体看的还挺好的，就是结局不太满意??    ",1,2
0,10,很棒，以后还会期待有下一部,0,1
0,5,呵tui，就这个评价，自己感受吧,0,2
1,9,还不错了，虽然剧情有点老套路，有点美好,0,3
1,10,大黄 和猴子演的不错,0,2
2,2,真是疯狂利用流量明星的一部电影啊,1,3
0,10,好看 专门来看肖战的,0,2
0,10,以前玩的诛仙游戏，回顾游戏时光，可能没看过小说的有些看不懂，,0,1
0,10,好看呀！前期偏搞笑，后期就非常感人！！看哭了都。表白小赞,4,2
2,9,好看好看好看,0,1
0,10,很好看，战战演技超好,0,1
2,4,真的剧情不太好 女一一直被抢戏  我真的不明白为什么这个票房会比上海堡垒高 明明还不如上海堡垒,1,2
0,8,肖战的演技大赞??结局是莫名其妙！,1,2
1,1,真的，不会编麻烦别编，这就是你给原著党编出来的玩意？除了名字是诛仙，主线故事和诛仙有毛的关系？换壳诛仙？毁XX的原著呢？求着你拍了？XX编剧，XX电影，浪费老子钱还毁了诛仙这个故事,3,3
0,6,为了肖站去的，哈哈，有些情节挺搞笑，感觉太短了，一下就结局了,2,2
1,10,你好美女在吗,0,3
0,9,路人去看觉得特效都很好 男主演技还可以,0,2
0,6,配音跟口型对不上 肖战演的挺好 剧情改的也多 节奏好快。,1,2
2,1,不好看太烂了,0,2
0,6,挺无聊啊啊啊啊啊,0,2
0,10,挺好看的，要是3D效果更好。,0,3
0,1,我就问问，评论区什么时候能让评0分,6,4
2,8,前面还嗯好看，二哈和?? 的演技特别好?? 就是结尾那半小时酞tm潦草了，希望有下一季,0,2
0,10,妹妹说不错，还可以,0,3
2,10,好好看，好喜欢肖战,0,2
0,6,演员都不错，可是顶不过编剧一顿操作。。。,2,2
2,10,很喜剧，好笑的,0,3
2,1,"一分敬大黄小灰??
可能剧组把钱都花在了狗血的丐帮造型上，导致整个青云都像荒山头打斗场景除了土都是土，林惊羽就像战斗的公鸡，改编能走点心吗？不然就别叫诛仙！",6,2
1,7,一般般，拍了一半,0,3
1,10,挺好看挺搞笑的就是结局吧...,0,2
0,10,好看好看好看,0,1
0,1,什么玩意啊这是，难道中国仙侠进入了斗气化马的时代了么？就这还敢号称突破？毁书不倦么？,1,2
0,10,大力支持肖战哥哥加油加油加油加油,0,3
2,10,挺好的  下次还会去,0,1
2,8,个人觉得还可以啊，败笔在于明明是仙侠剧却要用逃荒者的服饰！,2,3
0,8,肖战演技不错，剧情一般，太快结束了。,0,3
1,6,好评的都是些女生，唉，都是去看颜值的，??,1,0
0,5,结局还差点点感觉,0,2
1,10,好看，好看好看,0,2
1,1,看到封面都没有欲望去看。,0,3
1,5,"十分满分，分成两份。五分，给的演员。一众演员演技都棒棒哒～包括碧瑶～没你们说的那么不好。剧情没分。我从03年接触诛仙以来它到目前都是我看的最多遍的一本书。为什么喜欢？结构庞大，故事完整，人物鲜明，情感单一又隐喻。它是我心理封神的一部作品。张小凡一个惨字真的概括不了，周半仙说的乱魔命看似草草了事，却也道不清讲不明。别说没看过书的，就是看过书的都看不懂你改变的线路。诛仙是一部不用改按照书搬都不会有禁播的地方！书中鬼王现身那一章。相信看过书的书友在看到“再下万人往”时心跳应该是空格了吧。好一个方外高人，好一个魔教之人。电影真的是鬼王。??????
",2,2
2,10,看完了，小赞果然演什么像什么，惊喜,1,1
0,9,还不错，黑化的肖战更好看,0,2
2,1,除了颜值，别的都不在线,0,2
0,3,"剧情拖沓，情节平淡，特效五毛，演技跳戏，这样的影片还能圈钱？毁经典不能下手轻一点？
整部剧演技最好的居然是那根烧火棍！",8,2
1,6,"如果你是对剧情抱着去的 那你就看看特效吧
如果你是对特效抱着去的 那你就别在意剧情",0,2
2,9,可以，我和朋友没看过书也没看过电视剧，四个主角一个不粉，单看这个电影我们觉得可以接受。在罗小黑，柯南，诛仙里挑了诛仙，本来看网上说的孟美岐女团的为什么要来演戏，心里对她已经有偏见了，但是看着看着感觉还不错，肖战演傻白甜跳了几次戏，但是一黑化感觉好棒呀，唐艺昕是颜值担当了，漂亮甜美，但第一套粉色衣服时笑的太多了，后面换衣服后感觉偶尔一笑特别惊艳，李沁感觉确实有演技，整体一直是肖战黑化后演技的状态，一次都没出过戏，气质也不错。但最想说的还是魔教出来的时候，我要被吓死了，晚上几天没睡好????总体来说，有些东西真的要自己试试才知道，毕竟不是原著党也不是电视剧党，不能体会他们，有2的话也会去看的。,3,1
2,4,两星全是给肖战的，ncf不要再刷分了，尽毁我碧瑶，丑出新高度，原著之耻，肖战是带不动一个剧组的，我还是期待电视剧算了。,1,1
2,10,李沁超美  唐艺昕也很甜  ,2,2
2,10,带我孩子去看的鬼娃娃出来的时候把我娃吓到了,0,2
2,10,肖战演技不错，身材性感，长得漂亮。,0,2
0,8,结局表示没看懂！！！不过前年还有笑点！,0,1
2,9,结局不是特别清楚,0,2
0,8,还是可以，值得一看,0,3
2,10,还可以，就是音响声音太大了，喜欢碧瑶小姐姐，美美哒,0,2
1,1,辣鸡，超辣鸡,0,2
0,8,过程不错！就是结尾有点仓促,0,1
2,10,昨天晚上去看的，然后挺好的，只希望第二部不要换主演,1,2
0,9,真的超级喜欢，好想有诛仙第二部,0,2
0,1,这样说吧，诛仙没有诛仙剑，仙侠变武侠，问题是连武侠都不及格，超烂。,7,2
2,3,我看出了捉妖记的感觉。。。,0,2
2,10,真的很好看，虽然没有看过原著，但是我觉得演的挺好的，也希望你们不要恶意刷评分，没有看过就不要乱评价，这是我哥的第一部主演电影，有必要恶意去刷评分吗,3,2
1,1,什么玩意儿啊,4,4
2,10,电影很棒鸭，小赞演技超级好哦！,0,1
2,1,很差，一点都不好看，没故事没剧情，演的做作,5,2
0,8,所有的演员都在认真的完成，配音稍微有点出戏，还是期待下一部的！,0,2
0,1,巨难看 剧情烂到爆 什么**特效 垃圾电影 演员没演技 导演没水准??,5,4
0,6,结尾好仓促啊！也不知道谁是主角，猴子小黄演得好！！！,0,1
0,10,电影很好看啊！????,0,2
1,1,辣鸡电影，辣鸡剧情，导演好好看看 在改编,4,3
0,1,服装像丐帮，台词靠配音，网页游戏即视感,2,3
1,9,"感謝“小丸子觀影团”
诛仙的整体服化道风格还是沿用老港片的模式，破破烂烂的张小凡，幸亏有肖战的高颜值撑着。和剧版仙气飘飘的仙侠剧完全两个路子，拍成了一部喜剧片，从这个角度来说是一部合格的爆米花电影。",0,2
2,10,很好看，就是结局不怎么样,1,2
2,1,服装参照丐帮，剧情毫无新意，台词配音尴尬，很垃圾，建议还在观望的不用看了，比鹿晗上海堡垒差多了！,2,2
2,8,还行吧，也没有不好看，也没有很好看,0,2
0,10,好评给肖战，就是为了看肖战而去，这电影的服装造型和配音真的是无力吐糟,2,2
1,1,拍的简直就是屎啊！,3,3
2,1,都是些女无脑粉，青云志都比不得,1,2
0,10,肖战演技超好的,1,1
2,7,剧情有点乱没看懂,0,2
1,8,今天去看了！非常搞笑，特技也不错。拍的不错。期待下一部,7,3
1,5,电视剧放大在银屏上看而已。,0,3
2,10,我喜欢看这部电影??有视觉享受。李沁和唐艺昕的扮相很美，影片里的狗狗小黄和小猴子也十分搞笑。,3,4
2,6,有点小失望。,0,2
2,6,"如果把这部电影当成喜剧来看的话会看得很开心！剧情方面太紧凑了，没有看过原著，很多时候不知道讲什么，场景切换太快！特效还是很好的，画面很爽
为了小战多打一颗星！",1,2
0,6,想拍好想做大就不能急，要一步一步来，按事件顺序顺着拍或者插叙倒序都行。完全可以先拍《诛仙1：七脉会武》试试水把剧情铺垫一下，之后的系列就好拍了，绝对的火,2,1
1,10,就是结局完了我都没有反应过来！,0,2
0,3,审美跟不上。,2,2
1,5,   演员不错  剧情穿插的有点生硬，可能是时间不允许吧。跟原著改动较大，碧瑶跟张小凡缺少明确感情的互动反倒是陆雪琪戏比较多，五分给演员吧  编剧差了点,0,1
0,10,还挺棒的，超出预期太多了。剧本再精细点就好了,0,2
2,4,对不起，我觉得他烂尾了,2,2
1,1,赶了个早场，因为我喜欢诛仙，但是这片子的确没法说了，看预告，听歌都不错，看电影就这么这么别扭呢。刚开场，莫名其妙的做饭，虽然知道张小凡开始就是一厨子，但是做菜的特效，***不真实了。青云七脉比武，没场地不说，你搞个摔跤什么意思，仙剑不比剑，你是来聊天的么？演员就不说了，陆雪琪练武又是什么鬼？几个演员绳索操么？飞来飞去就很仙吗？…哎，太多了，什么都是槽点，可怜我的诛仙呀，诛仙剑呢？给一分，是因为诛仙的名字！而且不能再低了！,10,5
0,7,特效一般吧，算不上什么精彩，应该还有下部,1,2
1,1,看过小说的就别看了。跟原著基本不同。喜欢特效的也别看了，，，特效超烂！！,4,3
2,6,主要靠李沁撑吧！,1,2
1,8,电影很好看，,0,1
2,7,演到一半时候我都很怀疑，都过半了这剧情得多紧凑啊…… 好吧  肖战最后眼神是可以的。特效也还行吧 ，期待后面吧……,1,1
2,7,总体来说还是值得观看的。,0,1
0,2,剧情一般般。。。。。,2,3
1,1,全程毫无看点，不晓得电影讲的啥，现在什么剧本都能拍戏了吗？第一次看这么烂的电影，想不通电影评分竟然还有7分，真的难受。,15,2
0,3,不好看，没啥剧情,1,2
0,10,超级好看，虽然剧情有点赶，但是把想表达的都表达出来了,2,2
0,6,一般，一般。,0,1
1,1,特效还不如老版西游记,5,2
0,5,乘兴而去，败兴而归。,0,1
0,7,碧瑶看着没之前仙气了,0,3
0,10,可好看了，好看到爆炸,2,2
1,8,整体效果不错，特效方面一直在进步。对了，我是一个没看过小说的人去看的，感觉整体剧情有些为第二部在删减，结局有点懵逼。看过小说的朋友们普遍评价都不高，说剧情不一样，也不知道是不是，我个人感觉可以去看看，时间允许的话。,3,2
1,6,其实这个电影不及格，前半部分挺好看的，后半部分故事情节进行的太快了，毫无理由的就结束了，演员都很棒，特别是张小凡和李沁，特别喜欢李沁。连猴子和狗狗都很棒，火箭少女孟美岐表现也可以，就是导演不行，编剧不行，剪辑不行，故事情节完全瞎扯，哎，浪费了诛仙这么好的IP了，如果这个导演敢拍续集，死的肯定很惨。,2,3
1,1,超级垃圾，毁原著,0,3
0,10,冲着肖战去的，却意外看到了叶童、姜大卫、徐少强、梁家仁等武侠老面孔，圆了少年武侠梦了，光他们就值回了票价，也只有在程导的武侠世界里才能看到他们齐聚一堂了，很感动。就影片本身来说，故事的情节稍显简单直白，人物描画不够丰满，画面想要表现出的大气磅礴也没有达到预期，张小凡最后黑化的情节稍显牵强突兀，主演人物戏份过于突出，不能为整个故事服务。期待诛仙2的时候，程导能对这些问题加以修正，期待诛仙2！加油??,4,2
2,10,肖烟四起，为战而来,0,2
0,10,肖战诛仙还可以 虽然剧情魔改了 但肖战演技还是一直在线的 值得观看,2,1
2,5,首先，还是感谢这部电影，让我想起当年追书的时候，期待的心情。书太经典，改编就会很难。撇开原著，这部电影还行。但是，如果要按照原著来，就差强人意了。改编很一般。演员演技很好，服装看不懂，不是一般修仙都有法衣吗？麻布是什么鬼？台上比武，那台子在那里？荒草坡嘛！青云门，没有那种天上宫阙的感觉，最后，梳头都没有过关好吧，梦瑶那个发型，简直辣眼睛。御剑飞行，飘带衣服都很有仙侠味。,3,4
1,2,太烂了，毫无意义。,1,1
2,9,就觉得改的地方有点多吧，都挺好的,0,2
0,6,平平无奇 ，配音电影看着跳戏！！,0,3
0,8,不错，非常好,1,2
1,6,剧情一般般了，虽然没有看过诛仙的小说，感觉特效不错,1,2
1,2,纯粹的特效片，剧情拖沓，预告片都把主要剧情演完了，一男和三女的关系演了一个小时。,4,1
2,2,猴子黄狗全场最佳演技奖！而且我以为电影终于要讲正经剧情的时候，谁知道居然演完了？唯一值得称赞可能是IMAX 特效还不错吧！唉～两张票80，买排骨它不香？唉～,10,3
2,10,小飞侠来了，你依旧是我们的骄傲，每个人物，每个转换的情绪，每个重要变换一个眼神，都把握的很好，加油，未来可期。,7,2
1,7,蛮搞笑的，只是结局太粗糙,1,2
1,10,复古经典值得一看。,2,3
0,6,剧情太过简单，动物们演的不错,3,1
2,8,仙侠气概的主题不是很鲜明，但感情部分肖战表达的很好，服装道具有点无奈，剑的塑料感十足，服装中规中矩，并无吸睛之处。总而言之，这是一部能看的古装仙侠电影，但并不是上上乘的绝佳ip作品,4,2
2,1,一部仙人的电影硬生生的被拍成了武侠电影。而且还怎么烂。哎。。。。。。,3,2
1,1,浪费了这么好的题材，陈导怎么会拍这种烂片,7,1
0,10,挺好看的呀，演的都很卖力，也没有尬演，特效很美，支持一下,1,3
2,10,肖战在这部戏里演技算得上是炸裂了,1,2
0,9,特效不错！打斗也很精彩！,1,2
2,10,战战的男主戏，果然不负期待！祝肖战未来一切都好，越来越好！,28,0
0,4,和想象中的没啥差距，就是差，作为原著党本不准备看的，奈何哪咤的场次时间对不上，意料之中的失望，完全没惊喜，就基本的选角都让人看的脑子痛！,7,1
0,8,挺不错的，唐艺昕和李沁好漂亮,7,3
1,2,孟美岐我就奇了怪了***不去好好唱歌跳舞到这来和我哥拍吻戏？你牛你牛,0,2
2,10,战哥演技不错哟。,0,1
0,1,我真的实在忍不住了，这演的是个啥东西，要不是看过5遍以上的原著，完全以为这是一个狗与猴子的爱情故事。最起码这碧瑶找个像样的演演吧，乍一看以为这是那个清宫戏的丫鬟走错片场了，你看那头上的几坨屎，服气。再回过头说说这个林惊羽，这是进化不彻底把，长的齐心怪状的，虽然不重要个角色，但是这也太随意了点吧。最后再说说这情节，会武！！！不要求武打设计了吧，但是你总得比划一下吧，一场比武没有超过30秒的，这实力差距就这么大？回过头再说说这个编剧，张小凡那么傻的个人，让你改的机灵的不像话。完全是败笔，真不知道程小东导演你怎么可以拍这烂片啊，选这破演员，最可气的是这剧本你也能拿出来拍。以后别瞎改经典的小说了。,13,2
2,9,不是粉丝也很值得看的一场电影，四个主演都很棒。,1,2
1,6,无法感受其……,0,2
0,10,我李沁女神真漂亮！,2,2
2,8,肖战演技不错，主要电影内容太敷衍了感觉，全是些无关紧要的，刚黑化后的张小凡来了点意思它就结束了....剧情太狗血了...8分都是给肖战的！,3,2
1,1,国产的辣鸡，负分就完了,5,1
1,1,烂到无以复加,9,2
2,6,一般般吧，冲着肖战去的，发现不怎么样,1,1
1,1,此处省略一万字...,3,3
2,1,烂就一个字！,2,2
0,10,有钱哥哥的演技棒棒！特效很震惊哦！,2,1
0,10,除了战哥之外。什么都不好看,3,1
0,10,非常好??非常Ok,0,4
0,5,前面太拖沓 孟太丑 剧情太一般,1,4
2,8,特效不错，剧情还可以，埋下很多伏笔。,1,2
0,5,作为一个原著党，能给5分，给的是这部电影的名字和可以把它当做一部喜剧片，好歹我笑过～槽点太多了，编剧这个锅得背，就剧情居然还不如那个我只看了18集的电视剧！！！造型师，不知道是不是这个职位，反正和造型服装相关的职位，这个锅还是得背，好歹一部仙侠剧，全程都粗布麻衣的，一点点仙侠的风格都没有！！！特效，比18年前的蜀山传差了不知道多少！！！比5毛特效多一点，1元特效吧！短时间内，我还是在小说中找寻心目中的仙侠吧,2,2
1,8,给李沁演技加点分，给对不上口型扣分,2,4
2,10,期待肖战，电影院见?,10,1
1,10,虽然服装不是那么好看，剧情被改了不少，但是为了有钱哥哥，我依然还是要打十分，你的演技值得十分,4,3
0,10,我觉得挺好看的啊，开场的唐艺昕好仙好美，我喜欢那些布，李沁有高冷范儿，比杨紫好看多咯，本是为肖战而来的，他的演技着实不错，就是眼睛还是泛红，我真担心他眼睛坏掉，那个碧瑶是什么鬼？当我知道她是碧瑶的时候吃了一惊，真没感觉啊还以为只是一个谁的手下配角而已，七峰峰主的形象不好，像丐帮，就不能像电视剧那么仙儿吗，猴子和狗子演得不错啊哈哈，最后至尊出来想干嘛？期待二部回归，我就是个容易满足的人，支持中国电影，支持肖战,4,3
2,2,"一群伪路人在那尬吹演技炸裂，有欢笑有眼泪。好吧我全剧100%的笑点都是源自那只呆萌狗狗以及猴子；泪点呵呵～剧情多线叙事完全没主线，多场景跳跃，没看原著的我根本不知道在讲啥前因后果。同门比武没怎样就草草结束了，谁是第一？碧瑶为啥为几面之缘的张小凡挡刀？七脉一番眼花缭乱的车轮特技表演后，被鬼王宗的变脸大师一招团灭，张小凡瞬间黑化力压大师后，不幸误伤师姐。张小凡抱起碧瑶剧终了！what？我还在跟不上节奏的一脸懵逼中消化剧情呢，没给我酝酿感情的时间啊！
男女主演颜值都能打，肖战脸小比李易峰看着顺眼！六位师兄我是都没记住！林惊羽丑出了新高度！老戏骨们都是熟到不行的黄金配角，叶童被造型师坑了，没认出来！",9,1
2,10,我真的太喜欢李沁了，还有唐艺昕，特效做的很好，就是结局太仓促了，和电视剧一样，都只放了前半部分，后面黑化的就没有了，不知道下一部还陆雪琪是女主还是碧瑶是女主了,2,2
2,4,不能再多了，比较尴尬呀，怎么说呢，就是尴尬??,4,3
0,7,一般，一个人包场了，可能期望太高，感觉就像流水这样过了,2,1
1,1,完全没有逻辑的电影。碧瑶给张小凡挡剑？就因为吃了一口兔子肉？,4,4
0,10,可以挺喜欢的,0,3
1,7,挺好看的，人物没啥感觉，小猴子不错,0,3
2,7,看之前已经有一众看过的人说好难看！很烂！！！我实在无聊，再加上最近粉了肖战的颜，所以就去看了下。其实真心没觉得有说的那么差。如果当作正儿八经的艺术作品去推敲，那肯定算烂，剧情，逻辑，演技，都一通懵逼。但是，我本着轻松看热闹的心情去看，觉得勉强及格。肖战还是有演技的，至少没差到看他就跳戏的地步。有一些笑点，特效很不错，唯一让我很无语的就是看到最后发现男一竟然跟女三在一起啦？躲过了女二，最终没躲过女三？！Exm？！难道这部电影的女一不是陆雪琪？女二不是师姐？女三不是碧瑶？！我错过了啥？,1,3
0,10,太不好看了，,0,3
2,1,真的不行。。。。。,1,1
0,10,让我又回去看一遍tv版的比武大赛,0,4
1,10,情节很短还是好看,0,2
1,1,超级烂片！太烂了！,3,1
0,6,孟美岐的演技。。。。。。。。,0,2
0,10,期待诛仙二，还不错！,0,1
2,10,好看，期待我家小哥哥下一步大电影,0,1
1,1,有好剧本，没有好导演，用心拍一部好电影比得上一千部烂片，毁了诛仙,9,2
1,3,这电影...亮瞎我的眼睛...毁了我年少时的记忆，小东啊小东一失足成千古恨，说几点让我无法接受的地方吧：1、小竹峰杂技一般的出场方式。2、张小凡与**师兄弟的爱恨情仇，恨不得把张小凡当孙悟空给练成丹药。3、修真修仙的世界大部分人都是在骑马和民间打架。4、魔教4大护法出山，长得和鬼一样，更可笑的鬼婴儿长成那样，青云门弟子直接就抱起来玩耍，我的天啊编剧、造型师你们别光走肾不走心啊。5、特技效果完全是在开玩笑??，御剑飞行就是个笑话，屏幕上不是小点点就是一堆蝙蝠??。6、最后祝愿中国电影越做越好，用心做电影。,10,2
0,10,好看，真的很好看，期待还有，,0,3
0,10,首映，特别好，肖战真的可以，我觉得我会看原著的。,5,2
2,5,除了演技可圈可点 其他无话可说,0,2
0,2,导演认认真真地拍武侠片不行吗？非要拍成爱情片，而且还是多角恋的，实在无聊。还有演员用错人了，已经有《上海大炮》的前车之鉴，流量明星哪会演戏,8,4
1,10,好看！真的很好看，建议大家都去看。,0,4
1,1,我看的不是诛仙不是诛仙不是诛仙啊。。。。什么破编剧，有看过诛仙吗？魔改啊，不要求人设了，连衣服都不尊重一下，你看过陆雪琪穿朱赤色的衣服吗，田灵儿是红色不是粉色，色盲？,5,2
0,10,个人还是觉得挺好看的  现在国产电影本来就一般  我觉得能这样已经很好看了,1,1
2,10,感觉就结尾结成了电视剧??。不过还是给演员满分呀！,1,4
2,10,"我想了很久 看不看 还是决定看了 为了追星
结果太*了 我爱豆亲了别人 
哭瞎

吐槽两句 
专业走火入魔：肖战
特效大户：鬼王宗

衣服长的实实在在的，像棉麻料，飘得倒是很努力，飘出了丝绸的感觉

一开始看着有点尴尬 但是一旦接受这个设定特效也还不错

结尾一剑穿心还能活，不愧是主角line！

好像是用的配音吧，感觉这些声音都不是本人的",0,1
0,6,修真的打架就露馅，成武侠了,1,2
0,4,两分给特效，两分给猴子,4,3
0,10,很好看，战战不管怎样都很帅??????,0,2
0,5,从头到尾都没看懂。。,0,2
2,10,非常好，期待下一部，神尊后面这么了,1,2
1,1,比较失望 剧情没啥特别的 特效也没有很多 竟然还出现了摔跤场面  哪里像是神仙打架！,8,2
1,1,如果可以不给分，我就它0分。什么**垃圾。,5,4
0,10,挺好看的，特效做得不错，打戏耐看，全程笑点不断。李沁好仙好清冷，很喜欢她的颜和气质！肖战的演技挺不错的，尤其从入魔到被唤醒后眼神逐渐清明的过程，简直令人惊叹。孟美岐也很令人出乎意料，作为新人演员可圈可点了，瑶棍cp很戳萌点。总之这部电影在同期中属于比较亮眼的了，这个成本投入拍到这份上也算不浪费电影票，期待第二部能更加注重丰富故事情节吧，原著精彩的部分希望能多多保留,2,1
1,10,比较燃，期待第二部,0,2
1,10,"谢谢“小丸子观影团”赠票
电影完了全场一个人都没走，全留下来等彩蛋搞得我也不敢走哈哈哈
电影不错，最后小凡和师姐得那段哭戏很不错。
小凡让我想起来仙三的老胡，李沁的造型也太仙儿了气质很适合，美岐表现也可以不会让人出戏什么的。
前半部分有很多笑点效果也很不错(*?′╰╯`?)?
2d很好，看着不晕。没看过原著和电视剧的我也看懂了，总体值得一看",1,2
2,8,客观地说，这部剧不算好但也绝不坏，如果说不追求原著的话算是一部合格的仙侠电影，（原著结尾也是有些潦草）为什么这部剧关注那么高口碑不一？原因有三：其一，原著粉对于电影故事的期待值过高，而电影修改地太多，让原著粉不能接受。其二，演员的爆红，肖战在接这部剧的时候不算出名，而今年的陈情令让他的关注度达到前所未有的高度，超出了导演的想象（对票房的预期一再修改可以看出）。其三，演员的表演良莠不齐，肖战何李沁完成度还是很高的，不过由于前期编剧的失误导致演员的表演受限。,0,3
0,10,期待下一部。,1,2
1,1,什么鬼，编剧你看过诛仙没，除了特效其它哪里符合原著了，良心让??吃了,3,1
0,10,战战加油(? ??_??)?,0,1
2,10,肖战好帅啊！！演技在线！！,1,3
1,2,剧情太无厘头，本来怀念下大学那会看诛仙电子书时候，好失望，感觉他是想拍续集，真心不咋滴,8,2
2,6,一颗给羡羡，一颗给猴子，一颗给沁沁和师姐。情节太尬了。,1,2
1,3,不好看，感觉情节不合理，前期太多时间在青云门上，对于感情的设计也很牵强。,3,3
1,2,看过原著的都会给这个分数吧...整部电影不知道讲什么 还有“蓝瑶”是真的出戏...,3,2
0,9,战哥演技真的服气，那句“连你也要杀我”我心都跟着颤了，特效做得也不错，2D都觉得略觉遗憾3D铁定很爽，当时拍摄环境也蛮艰苦，辛苦，希望我战哥能一直好。就是配音我迷茫了，真的迷茫了。。,2,2
1,10,"很好看，太棒
",0,2
0,7,肖战哥哥真帅啊,0,3
0,7,一般般吧，算是不难看，有比较尬的地方，也有好几个搞笑的地方，碧瑶和灵儿的配音听着不太舒服,0,1
2,1,可以一分不给吗？碧瑶什么玩意…幽姬绝色哪儿去了？万人往翩翩儒雅之风哪儿去了？诛仙的诛仙剑哪儿去了？编剧拿回家劈柴用了吗???,5,0
2,10,非常好看的一部电影，肖战演技绝了，我爱肖战,0,2
0,1,虎头蛇尾，就是来骗钱的作品,6,2
2,6,有开头没结尾，希望有下一部,0,2
2,8,还可以，感觉没完,1,2
0,6,"一般吧。我没看过原著，也没看过电视剧
他们看过原著的都说烂透了",0,1
2,7,怎么说 剧情很尬 看着看着啥内容都没看到就最后十分钟了 最后十分钟挑起了整个剧 肖战的演技没毛病 唐艺昕的配音太尴尬了 李沁没毛病 孟美岐演技感人需要加强,0,2
0,10,好看，挺搞笑的,1,1
1,10,挺喜欢这种武侠魔幻意境，潇洒，柔情,0,3
0,8,肖战超级帅啊啊啊！,1,2
1,3,"整体特效不错，演员除了唐艺昕可能没几个看了原著，所以原著党不要有太大的期待，因为是老诛仙迷非常喜欢这部小说，所以几大槽点还是要说一说。
    田不易、苏茹人物打造失败，即便是改编，本人也不太认可，本来仙气十足的苏茹师娘完全一个大妈形象失败，田不易不伦不类完全不符合大竹峰憨厚的首座形象。陆雪琪演技太难根本没有表现出寡言少语冰霜美人的性格特点，碧瑶这个朋克摇滚女的造型一定会雷得大家外焦里嫩，此处省略50字，小说中最为精彩的七脉会武为什么会在荒山野岭，打斗场景还不如一般武侠片。掌门道玄感觉是丐帮帮主造型，一点道骨仙风都没有，剧情到魔教出现后面就是乱七八糟导演意淫了，中途想退场……，最后还是要给鼓励",1,2
2,8,还可以，随便看看,0,4
2,6,配音差评  故事情节先慢后急  乱七八糟   一塌糊涂   浪费了好演员的演技,0,3
2,10,肖战演技绝了,1,2
0,7,只能说还勉强可以看,0,3
1,2,要不是看了书，就能被你蒙了，演的超烂,9,1
1,10,挺感人的，值得一看!,0,2
1,10,比想象中的好太多了，果然现在的评分也不能尽信,0,3
0,10,只是给肖战的10分,1,3
2,6,吓死我了 后面那个傀儡孩子太吓人了,2,2
0,10,好看好看呀~特效我觉得挺棒哒,1,2
0,10,很不错，期待下一部，原班人马不要变,2,3
2,10,非常好看，特效很棒！可惜太短了不够看！肖战很帅！,0,2
0,8,评分不高，口碑不好，原本让我对它不报任何期望，只是为了来看看小哥哥[坏笑][坏笑]没想到啊没想到，期望值太低反而容易衬出小惊喜[抠鼻]电影特效不错，有不少笑点，李沁的陆雪琪很女神，肖战的张小凡特可爱，抛开迷之改编以及青云被吊打团灭居然都没出诛仙剑这样的终极大bug以外，其实感觉还不错[鼓掌][偷笑]这么说突然感觉自己很对不起肖鼎大大[捂脸][捂脸]还是再去啃遍原著吧[奋斗],1,3
2,1,超级难看！只有风景画面都是唯美的！一有主角后，超级出戏！台词也烂！特别是林惊羽造型，简直想把造型师打死！鬼王麾下四人，有抄袭徐克周星驰西游记的嫌疑,11,3
0,10,肖战演技很棒，就是编剧改的不行，求第二部不要再改了，就根据原著拍下去,0,2
2,7,除了碧瑶真心让人出戏外，其余演员演技说得过去。特效有些假,0,1
1,4,什么仙道玄门，这服装明明是丐帮要饭的，一开始就抢饭的丐帮玩意儿～,2,3
2,9,首先：电影和电视剧和小说所表达故事的方式原本就不同。电视剧时长很长，故事情节和造型及场景都可以很细腻；小说的文字更加细腻，人物形象和故事情节也可以呈现的非常饱满；而电影的时长局限，让电影只能首先通过比较夸张的场景和夸张的造型，让观众感受想要表达的故事情节，而演员的表情和情绪可以跟得上就已经特别好了。我是看过电视剧的，也看过小说的，肖战的表演从一开始的自卑和懵懂，到拥有法器之后失去朋友的不安，再到最后看到师傅师叔们对他的赶尽杀绝和知道屠村和青云门有关的愤恨，误杀师姐的懊悔等，每个情节的表演都非常到位。另外，电影的有些情节是改编的，这相当于是另一个故事，大家不能拿电视剧和小说来评判好坏。吻戏-1。,1,3
2,10,好看(??ω??)??肖战更好看,1,2
2,4,及格线没到，简单说下感受吧，作为原著粉，魔改到我想骂娘，人设都改了。那么不作为原著粉，抱歉我觉得剧情有点牵强，为什么女主是碧瑶而不是田灵儿，为什么碧瑶就见过几次张小凡就甘心为他死？为什么莫名其妙就爱上了张小凡？逻辑我有点没看明白，演技及格，但造型服道化一言难尽给演员严重减分。给4分因为肖战李沁唐艺昕大黄和小灰加分，不然只能1分。,6,2
0,4,改动太大了，有点接受不了,1,2
2,1,不知所云……不好看……辣鸡电影,0,1
1,1,完全就是侮辱诛仙这部电影,6,4
1,10,很好看，非常好看,0,2
2,10,古往今来，很多所谓的〃善人〃灭了真正有〃良心〃的人，让善良越来越难，越来越远……,0,3
1,10,可以   怎么会给这么底的评分,0,3
1,10,战哥演技超级赞！！！就是改废了,1,3
1,1,你要不信你去看，但凡你看过原著你要觉得这电影过关，我输好不好,5,2
0,1,没有粉丝滤镜…就圈钱的,6,2
2,6,全剧真的就只有肖战一个人演技在线，看的后悔,0,1
0,9,喜剧部分挺足的，恐怖的镜头也挺棒，最重要的是各位演员和制作方对影片都表现的很敬业，每一个镜头都拍的很完美，除了配音有时不太对，其他的都很好，感谢剧组带来这么好的影片，以后各位要更好，更努力(? ??_??)?(? ??_??)?(? ??_??)?,0,2
1,10,。 天天皮卡绝巨大,0,3
0,6,结局太一般~~~,0,2
0,10,期待第二部！   ,0,2
1,1,改的乱七八糟,4,3
1,1,这一分给猴子??和狗??,7,3
2,4,前面和中间比较无聊，看得直想拿手机来看，后面结尾有点烂尾,1,2
1,9,很不错，但是配音有点逊色,1,2
2,8,老桥段，老戏骨，虽然觉得挺老套的，但是居然还想看第二部。最后面有个彩蛋壳??,0,4
2,10,期待  肖战出新的电影,0,3
0,10,特效真的惊艳到我了，还有那几个魔教中人，让我觉得中国惊悚有救了，真的,0,2
1,2,真心不好看 完全曲解原著 场面也不够宏大 特效也不好 完全伤心了,3,1
2,10,肖战帅的一批，演员演技都ok,0,2
1,10,战战的必须好看，喜欢哥哥,0,2
2,5,"一般般
说实话 
距离预期
是失望的",0,4
0,10,嗯老公很帅 ,0,2
2,7,中规中矩吧！,0,2
1,7,没有心里的那份感动，也没有仙气,0,2
2,9,挺不错的，但还需要继续努力鸭,1,3
2,8,第一次追星，带着肖战的饮料打卡，影片还不错，就是感觉没演完一样。,1,3
1,8,喜欢：制作精良，剧情朴实,1,4
2,1,5毛钱特效三毛钱演技1毛钱的剧情,4,4
1,9,还是有笑点和感人的,0,2
1,6,总体略俗，其中多处爱情莫名其妙,0,3
0,10,很喜欢看！肖战和李芯演的很棒！肖战加油～看好你！,1,2
0,4,五毛钱特效……,0,2
2,6,没看过原著，看了之后就觉得当喜剧看挺好的，看了心情还欢乐，不过现在原著粉戾气都那么大的吗，看着我还以为都是导演制片人哈哈哈哈哈哈,0,3
2,10,战战演得啥都喜欢看??,0,1
0,1,张小凡演得太差,1,4
0,6,自己看吧！不评论,1,2
2,10,肖战超帅的?? ,1,2
2,8,还行吧 没太看懂,0,3
0,10,挺不错，唐艺昕美美哒,0,3
2,8,陆雪琪的一个“走”字，看的人好心酸。,3,3
2,8,比较吃演员的颜，剧情还可以，不能说很无聊，也不能说很有趣，就....一般,0,2
1,10,超好看的一部玄幻电影，故事情节跌宕起伏。演员演技也一流。笑点多，快乐的看了一个多小时。期待诛仙2,1,4
0,1,其实场景以及特效还能说的过去，就是剧情太。。。不反对改变原著，关键是改的有点条理也行啊，没有一条线能贯穿全剧。莫名其妙张小凡天下无敌了。莫名其妙鬼王无敌了，一挑七脉大佬，轻松ko，那么青云门还能活到现在，真心服了编剧。看你下面的剧情怎么编。坑到家的一部电影。明明有实力，有好剧情，非要改的**不通，欺负观众，什么垃圾导演，有点常识吗？侮辱中国人的智商！,7,3
0,10,挺不错的。值得一看,1,5
0,7,奔着肖战和李沁去的，嗯  剧情就一般还好,0,2
1,3,一分给李沁，一分给猴子，一分给唐艺昕，不能再多了。,7,1
1,10,我喜欢那个猴还有那只狗！,1,2
1,10,不错，里面的笑点感觉全程在猴子和大黄,1,2
0,10,很好看，反正我很喜欢,1,3
0,1,烂片之王，难看要死,4,4
2,10,做一天肖战迷 突破票房也有我的一份力哈哈?? 是一般武侠片的情节，不知道电影的结局是什么呢？电视剧有些长还是期待电影吧,1,2
2,9,个人觉得还不错，特效也还行。剧情也精彩。演员演技很不错,1,2
1,6,给的四个年轻演员演技点赞，这电影纯毁编剧上了 换个猩猩当编剧都比你强,0,4
2,5,只想说，好剧本，还是让演员来演吧,0,3
0,10,真的良心剧，巨好看，我好久没看过觉得不亏的剧，李沁肖战唐艺昕演技绝，孟美岐还好，剧是真的好看，我非常喜欢,2,0
0,6,女朋友喜欢肖战都看得瞌睡了，我就是冲着看看修真世界会拍成啥样去的，个别想法和设计挺有意思的，但是大家还是别浪费钱了。,0,2
0,10,好看非常好看,1,2
0,9,肖战帅啊！，超级帅,1,2
0,10,好看！好看！好看！精彩,1,4
0,8,还可以我觉得,1,2
2,10,打戏很棒唉！画面好唯美，尤其是小竹峰的那轮月亮，帧帧可以做桌面！肖战和李沁的演技还是很不错的，小凡黑化那里有感染到我，李沁眼神不错，很有影响感染力，电影节奏有点快，整体不错，很喜欢！,2,2
1,9,还可以看嘛，比较搞笑。还原度算高的了！,0,2
0,10,还不错，要求不高，特效做得不错，灵儿很美。,0,1
2,10,战战的演技真的真的是太好了，把张小凡直接淋漓尽致的演绎了出来，看完真的爱死肖战啦！,2,2
2,10,好看啊，真好玩呀，也真逗乐,1,2
1,3,不知道该打几分，让我看了一部史无前例的动作片，武侠都算不上，这是碧瑶吗？这是陆雪琪吗？钱是不是都请水军和流量明星了……堂堂鬼王宗和青云门居然骑马，你以为是电视剧马踏苍穹啊……这是电影，我还以为是舞台剧。还是电视剧青云志做的有良心。这是欺骗书迷和看过小说的影迷……,9,4
2,10,肖战帅得嘞！,0,3
0,1,谁看谁恶心啊,5,3
0,2,特效整体一般，毕竟小说改的天音寺全程除了开头的和尚没出现过，然后剧情基本上完全改完了先不说演员的演技。单纯的最后魔化那个场景比较夸张作为原著党表示看不懂。,3,1
2,10,也太搞笑了⑧,1,4
1,10,感人的电影非常好,2,3
0,8,还不错，就是搞不清到底谁是女主角。。。,1,2
0,6,??????????????,0,2
0,10,真的超级好看！！！想要去看的感觉把票买起来吧！！！真的超级好看！！！想要去看的感觉把票买起来吧！！！真的超级好看！！！想要去看的感觉把票买起来吧！！！(重要的事情说三遍！),1,2
2,9,还可以，中规中矩。。。。。。。。。。。。。,0,1
0,10,我心中的陆雪琪和张小凡,0,1
2,10,跟老公一起看的  很喜欢看 期待下一部,1,1
2,7,改编得还不错，当做喜剧来看也是及格了,0,2
1,8,挺好看的，希望有下部,0,4
2,8,情撼九天  一剑诛仙——虽有瑕疵但是还原度还可以，期待下一部,0,2
1,2,本来今天晚上想去看的，看到这么多差评…还是算了 回家打王者吧！,3,2
0,1,"新编的剧本吗？为什么叫诛仙？7.4评分写反了—4.7吧（特效得分）！！！
如果换个名字，不会如此失望，看了场假诛仙！",7,2
2,8,5000万的投资能有这样的效果已经很不错，故事才刚刚开始，期待诛仙2有大制作，肖战冲鸭！,1,1
1,8,适合没看过诛仙小说的去看看。场面是很宏大。一旦看剧情，小说的剧情就和电影剧情有很大冲突，感觉很不爽，给个八分吧。,1,4
1,1,2019年了  依然被蜀山传吊打    看得出剧组确实没什么钱  所以3亿票房挺赚的了,10,4
0,10,演员的演技真的很赞??电影特效和剧情超级好,0,1
2,10,不错不错，值得一看~,0,4
2,10,我带着?出来的，我怀疑它还有第二部？,0,2
1,1,真的不好看比起电视剧还要差很多 完全没有中心思想,6,4
2,10,喜欢肖战，为了肖战而来。,0,2
1,10,魔王太偻了，正魔大战效果太差，魔道6人挑青云满门不好看。诛仙剑都没出青云掌门咋魔化呀？还好这是一个看脸的时代，冲着明星整容强大给个满分提一提可怜的评分。,1,3
0,7,挺好的哈哈肖战挺好的,1,1
2,3,好几次差点睡着,3,2
0,1,电影好看 就是杨家坪大地影院太垃圾 不建议大家来看。电影票又贵 环境又垃圾 又臭 又不通风！不建议大家来杨家坪大洋百货大地影院来看。这个电影院就是垃圾电影院  早点倒闭吧 破垃圾影院,1,3
0,4,就烂片一个。,1,2
2,9,还不错，屋里赞赞演技棒棒哒！！！,2,3
2,10,不错，很好看！笑点挺多的！合格的爆米花电影！肖战演技没有拖后腿！赞！！！！！,3,2
1,2,什么垃圾电影？  什么垃圾画面！好牌打的稀烂！,5,2
0,8,画面很美，情节稍有啰嗦，期待第二部。,3,3
0,10,挺搞笑的????,3,1
1,3,前半段还不错，田灵儿和碧瑶也不错，从比武大会开始烂起来，原著张小凡只是资质平平不适合修真，电影里完全塑造成体术也不会的笨蛋，而且烧火棍造型太不正常了点啊，比武场面就不说了，烂烂烂，没有武术指导吗这是？结尾就更不说了，鬼王宗虽然是魔教但是也不是这样靠丑来塑造的，莫名其妙的鬼王装个逼走了，张小凡装个逼走了，陆雪琪莫名其妙的笑了，这是啥玩意？？？,4,3
0,10,感觉挺好看的，就是李沁是主演，出镜太少了,2,2
1,7,这7分给演员！,1,1
0,10,很喜欢??,3,3
1,1,我的天这是个什么电影，今年看过最难看的电影，演员都是不错的，只是这个电影我...............勉强给半颗星吧,8,2
1,1,奔着程小东去的电影院，没想到烂到家了，剧情东拉西扯没突出一个重点，程小东与徐克一样江郎才尽,2,5
2,10,好看，非常好看,3,4
0,10,很好呀，永远支持小赞??,3,1
1,1,毁经典系列。,5,2
1,1,真的是无语，武侠片吧剧情烂，人物也**，编剧没看过原著吗？,2,3
0,1,毁原著 演的乱七八糟,2,3
2,7,有点意犹未尽的感觉，感觉大结局不是结局，应该有再继续发展的空间,1,3
2,5,剧情不完整……,1,2
2,10,5分，给肖战李沁的颜,3,3
1,2,剧情乱七八糟，演员没一个在线，演技和学生一样,1,2
2,5,要不是看肖战 真的一般 肖战演技可以,1,2
0,6,碧瑶没选好，情节太差了,2,1
0,9,扣的一分是因为结局有点潦草。,2,3
2,10,挺好看的，评分咋那么低,2,2
1,8,特效很好，还以为是青云志续集……,2,0
2,10,演员真的很不错,2,1
0,8,还是蛮不错的！不是原著党，没看过原小说，单纯当消遣看的 ,0,3
1,1,烂的可以，资金都用来请明星了，所以所有的演员都是清一色乞丐装。普智是个秃头，道玄拿了个芭蕉扇，女演员丑的可以，剧情改编的乱七八糟，杜必书的色子都没了，噬魂棒居然有自主意识，灵尊还会教人表白，田灵儿的武器成了一把剑，大竹峰的人居然骑马走，林惊羽的头发是哪个化妆师做的，张小凡住的居然是山洞，这么大的门派穷的必须场地都没有，只能在沙地上比赛，都什么鬼东西，后面都看不下去了,2,3
2,10,被我猴哥和小黄圈粉了,2,2
1,10,不错不错不错,2,2
2,3,很好看，快去看吧,2,3
2,10,听说最少要评论6个字,0,1
0,10,好看的不要不要的，,1,1
2,10,还不错，很搞笑。期待下部。,2,3
2,10,有点意犹未尽，我一直以为自己喜欢美强的主角，但看了肖战的张小凡，我想说，我喜欢你~张小凡。李沁的陆雪琪也好有感觉。,5,1
2,6,一般般。。。,1,2
2,4,还行吧，.，,0,2
2,10,大结局让我大跌眼镜，说实话冲着肖战过来看的没想到……呵呵呵……,1,2
2,10,二刷啦啦啦还不错,1,0
1,2,口型对不上出戏，与原著差别太大。电影情节太突兀,2,3
2,10,"刚看完诛仙，感动哭了
碧瑶英勇救小凡
师姐不顾生死唤回小凡
陆雪琪三次未杀了有三股真法，对所有门教有危害的小凡

小凡抱走了受伤的碧瑶，带她归隐世间，从此守护陪伴这那曾经还她父母仇人的女儿，为了“打火棍”接近他的碧瑶。
那为了你背叛大竹峰，背叛仙门的陆雪琪怎么办？
带你回家，从小帮助你，从小照顾你的，愿为你受伤，为你挺身而出的师姐怎么办呢？",4,2
2,10,演员们演技都不错！我是以为肖战才看知道这部电影的，本来好挺担心结果不会太如意（不是说演员们不好）  我没有看过剧版的也没看过原著，只是单纯的觉得情节可以再细一点，觉得有点仓促。总的来说，导演好，编剧好，演员好，情节再细一些会更好！期待第二部，希望是原班人马出演?? ,2,2
0,6,演员表现中规中矩但主角配音太出戏了 动作特效挺棒的 期待2,0,2
2,10,小凡不平凡，期待后续，肖战加油?? ,1,2
0,6,看评价说演技不好，本来不想看的，还是来看了一下，比想象中好一下，反正只要不是杨颖那尬演，就能看下去,0,4
0,2,可惜这个IP啦,3,2
1,10,毋容置疑我战歌的演技真的很优秀,1,2
1,5,跟个**一起看的，心情不好,0,1
2,4,不好看，剧情太过简单，比较夸张，跟蜀山战纪差远了,0,1
2,10,肖战演技大赞！！！,1,1
0,10,肖战超帅啊啊啊,0,1
2,10,好看，我喜欢,0,4
0,10,有开始没得结局。太垃圾的电影了…,0,1
2,10,好看，为了战哥,0,3
1,10,就是为战哥来的，挺不错的,1,3
2,7,还行吧，为了肖战去看的，感觉节奏有点问题,0,3
2,1,2块5毛的特效  剧情超假 演员也是100块请来的吧,7,3
0,1,看着就睡着了,4,2
2,7,还是可以的，期待下一部更加提高吧！,0,2
0,1,特效超级差，钱全部花在请流量明星了。,13,2
2,10,我看花絮的原声和电影的配音，感觉演员原声很好。,0,3
0,10,为了沁沁，必须看,1,2
2,10,很好看！！！,0,2
0,10,战哥????,0,2
0,6,其实可以拍的更好一些，也许是投资不够，还是对细节把握不好，期待诛仙2带来不一样的感觉,0,2
2,10,环境不错 下次还来,0,2
1,6,莫名其妙就结局了,0,2
0,6,只感觉一般般,0,2
1,10,20多年来第一次粉爱豆，给肖战满分，孟美岐太不符合角色了,2,1
0,1,我真不知道演的是个啥,7,2
0,10,Game and you know how you doing here for more info about this guy in this case it out on my phone to get it on your phone in your heart for a few minutes later and a great idea what you are in love when my friends at this moment on this planet earth would like it when it came back with my friends a,2,4
1,10,挺好的一次体验,1,1
2,10,好很好非常好,1,3
0,10,我没看过原著，看电影感觉还行,2,3
1,8,不错，还是值得消遣看。,1,4
0,8,前面剧情不行，后面看得起劲的时候就结束啦。期待第二部吧……,0,2
1,2,这特效！这剧情！这**耽误我时间！中间尬笑了两次，呵呵呵呵呵~,3,2
0,1,瞎改，什么编剧,4,4
1,7,又是改编没编好的那种,3,2
0,6,还行，一般般,0,1
1,10,电影主要看三点，一、画面，这部电影画面处理相当不错！绝对美轮美奂??，二、剧情，剧情个环节链接到位，美中不足是村子被灭讲的不够清楚，结尾留的疑惑太多，但总体剧情导的很好??，三，演员，这里面有很多超大牌老演员，几个主角年轻人一个不认识，老演员演的好不说，新人也很到位，演技在线。这么好的电影7.6分？？？我给9分，我绝对公平公正。,2,3
0,7,六分是给肖战的  还有一分是给李沁唐艺昕的   其他就不说了,2,2
2,9,我觉得还不错呀 电影叙事很清楚 肖战的张小凡真的可以 陆雪琪也很仙啊 碧瑶不符合我的想象扣一分,3,1
1,6,说好李沁的主演女一，咋戏份这么少，不喜欢。,2,2
2,6,emm  还可以吧,0,4
0,4,不知道讲什么。,0,1
0,9,好看 肖战演的都好看,0,2
2,10,好太好看了好好好,0,3
0,9,还行，没看过瘾就结束了，期待下一步，男主不是很喜欢，个人观点不喜勿喷,1,3
0,10,肖战真的把张小凡这个人物给演活了，就真的很棒，有很好笑的地方，也有很伤感的地方，就很爱,2,2
1,1,太难看烂片子,2,2
2,10,说实话真的就是为了看肖战，但是没想到笑点还是蛮多，很好看,2,2
1,1,剧情全程都在水，这些主演还没大黄演得好。孟美岐的王白石照型真的是。emmmm。。,2,2
1,8,呵呵呵滴滴滴,0,2
1,9,肖战最后那里好帅啊啊啊啊,1,2
1,10,看完评论，我决定不去看了,0,3
1,8,还可以，比想象的好些。,0,2
0,8,还可以的，支持孟美岐,1,2
0,1,"你可以改。。但是请在尊重原著的情况下改。
造型可以夸张，但是你可能不知道，，原著写的还挺详细。特效你可以做不出来，但是。。武器你也不能瞎写啊。。水麒麟没有都比他和小凡玩耍好。。一个写的恨不得吃了他。你就拍成了她俩相亲相爱。。厉害了",2,4
2,10,不错哦，到了最后十分钟很感人，感动的哭了，就是和书上写的有很大差别,0,2
2,1,什么电影啊这是个！！！！我的沁沁都被毁了,1,3
1,5,整体一般，没啥深度，实在不知道孟美琦在搞啥,1,4
2,6,还行，主要是为了原著去看的,0,3
2,10,这就是青云志的电影版，还不如电视剧呢，浪费我钱，,0,3
0,10,贼好看，值得看,0,2
0,10,挺好   肖战不愧是肖战,0,1
2,5,看完电影，旁边有人说，演了什么啊？没什么内容。我觉得故事结构有问题，张小凡突然魔化有点莫名其妙。全员配音看的出戏。不评价了，只能给5分最高了,2,3
1,10,??                                                               好看,0,2
0,10,我觉得没有网上说的这么差昂,0,2
2,1,一分都不想给，全程一脸懵逼。要是没有男票讲解，我直接看不懂！,1,1
0,10,好看，小飞侠加油??,0,1
1,10,特效完美，赞,1,2
2,10,战哥最帅，猴子??和狗??演技最佳,0,2
2,1,难看的要死那种，,4,4
1,1,毫无逻辑，三个女主塑造的莫名其妙，原著里最喜欢的碧瑶，这就就是一个没头没尾的配角，尤其是最后这么烂的结尾。,1,3
0,8,特效不错，猴子和那个小狗好搞笑哈哈,0,3
2,1,演的啥玩意儿,1,2
0,8,有一个镜头吓死了,0,2
0,3,不好看，看过青云志后，觉得这个电影很不好看，后悔了,2,2
2,1,超烂，至少剧情来讲，男主就像个**,0,2
1,6,前期剧情都还OK，但是到了张小凡开始魔化也就是最后那段剧情感觉很突兀。但是场景很漂亮。,0,3
1,4,失望   大失所望,0,1
0,10,诛仙的小说我看过，看过电影以后觉得肖战演技真的挺好的了，表情情绪拿捏的比较到位，大黄和猴子承包了我的笑点，这几个唯一不太满意的角色应该是碧瑶了吧，不是为电视剧的做比较，因为我没有看过剧版的，觉得还是很好了，其他演员就不说了，肖战出道挺晚了，又不是科班出身，演技秒杀一大波“小鲜肉”了，所以觉得没必要这么黑人家，我也不是肖战的粉丝，只是很客观的说出自己的心声和观后感，总体满分，自己挺喜欢的,2,2
0,9,不错很帅肖战,1,2
2,1,超级烂，跟三生三世一个档次，甚至更烂,4,2
0,7,"无厘头……
真的无厘头……",0,3
2,5,没抱很大的期望，但那个剧情能不能在删多点？莫名其妙雪琪就舍不得杀小凡？太尴尬了。还有小凡和鬼王打的那一幕，和高配版奥特曼打怪兽一样.,0,1
2,8,不是原著粉所以觉得挺好看的！,0,2
0,10,结尾的是真的让人失望了，不过肖战演技在线,1,2
2,3,我是奔着肖战去看的，说实在没看过小说的根本不知道看了个啥，剧情一般，感情戏突兀。演技略微尴尬。,1,1
0,3,真的看的想笑，这是修真吗，青云门作为一个剑派比斗看拳脚功夫，地上打滚，御剑术不是驭剑术，谁这样飞，一点创意没有，修真类型的暂时没技术别拍好嘛 烂片,10,4
1,8,剧情狗血的一比啊,0,2
1,1,真不如别说自己是《诛仙》，除了人物名字，跟原著还剩半毛钱关系了。情节改的全无逻辑。没有万蝠窟、死灵渊、滴血洞这些情节的铺垫，碧瑶就因为一只烤兔子就死心塌地爱上张小凡还为他挡剑，疯了啊，没见过男人啊？鬼王在原著里是个温雅的中年男子，在这成了啥了，跟刚唱完戏妆没卸干净似的。青云七大首座合力没打过刚魔化的张小凡，还正道第一大派呢？,8,2
1,1,这电影能看傻了！,1,2
2,10,很好看呀 支持,0,1
2,1,本来期待满满的，结果超级烂，全是特效1,1,3
2,8,演技电影质感都ok了就是节奏后面快了,0,2
1,8,感觉还好 但是感情线不清晰，造型也辣眼睛，肖站演技还行；看到很多原著粉喷得厉害，大多是与原著不符，演员长相以及造型等，我没有看过小说，但单看这部电影的话，还是不错的，至少票钱值了。,0,4
1,10,很值得看，剧情生动跳跃，给人一种惊喜，让人不知道接下来会演什么，剧终了能给人一种云里雾里的感觉让人不知道看了什么，女主角是谁，这种神秘的感觉还是第一次见，喜欢看烂片的抓紧,1,1
0,1,不推荐看??跟耍我似的,2,1
0,10,战战的迷妹！太棒了！,1,1
0,8,蛮搞笑的but有点画风有点清奇？？,1,3
0,10,搞笑，非常好看,0,4
0,10,李沁真好看qwq,0,3
0,10,太可怜了可口可乐了看看,1,2
0,1,烂片，这打架缩水，还有故意拖延的，服了,2,2
2,4,还行吧！期望太高,0,3
2,8,很搞笑，尤其是里面那只??！,0,1
0,4,程导演这是要拍成连续剧么？情节不连贯，人物形象木讷，一群修仙之人除了飞来飞去练功，或者大晚上偷看女孩子练功，最后在七座山峰的比武中一败涂地，我都不明白你要表达什么……,0,3
1,1,一些没看过原著只奔着演员来的**们。好好去看看原著吧。妈的、老子最爱的书。又被一部电影玷污了。要不就别演、要不就走心。一次次击碎我心底里的梦以及对诛仙的热爱。,1,3
2,10,好看，效果不错,0,1
0,10,好久没看这么好看的武侠古装片。,1,4
2,10,完美～完美～完美,0,2
0,10,真的很好  不明白为什么评分这么低   演员很好   特效也很棒,0,2
1,10,还可以 肖战演技真的不错,0,2
2,10,支持我们战战,0,2
0,10,希望有第二部喔,1,2
0,10,很好看，期待下一部,1,2
2,10,战哥演技太棒啦！！！爱您,0,3
2,1,可以不给星吗 我的天啊真的特效烂剧情烂想睡着 好久没看过这么烂的片了 牛逼,6,1
2,6,冲着肖战去看的，听说猴子和狗很搞笑 找不到他两笑点，主演演技不错的 就是剧情觉得一般般,1,1
0,1,特效太差，还不如电视剧，估计是打算低成本高濠头圈钱，,3,2
1,10,还可以吧一般般结局不是很好,0,3
1,2,怎么说的  看过原著  然后刚出的时候挺期待的  但是看完后一脸懵逼  这被改的是啥玩意    剧情莫名其妙   笑点莫名其妙  看不出有啥好笑的   而且这是仙侠  拍出来跟武侠剧一样  太扯了,5,3
2,10,很喜欢这部电影哦,1,4
0,1,没头没尾 结局很无语??,6,2
2,10,好看好看好看，肖战真好看！肖战好可爱！被魔气倾入的那一刻也是帅呆了！那种眼神又出现了！喜欢喜欢~（*＾ワ＾*）,2,2
1,1,"评价都懒的评
浪费时间
多好的小说，怎么就变成**剧了呢",0,2
0,10,很好看的啊！演的很好 出乎意料的好,1,3
1,1,感觉好无聊啊,1,2
2,7,整体来说  演员演技到位  就是这整体服装造型和剧情   真的是不好说,1,3
2,4,剧情真的一言难尽，两星给肖战的演技。,3,5
2,10,很搞笑，特效也不错，肖战特别帅！,1,2
1,8,还好吧，毕竟是电影，感觉剧情很赶,1,4
0,8,8分是打给肖战和李沁，碧瑶的出现和演技都有些莫名其妙，如果没有碧瑶这个角色或许会更好，还有林惊羽太丑了，而且还对小凡生气了，林惊羽也不是个没礼貌的人啊,3,1
0,10,喜欢，期待2,0,2
0,1,第一次评差评,1,3
2,10,好看，期待第二部,0,2
0,9,还可以吧，。,0,1
0,1,磨磨唧唧不知所云零分一个,2,3
2,5,无厘头，确定李沁是女主角？,2,3
2,5,一部很波澜不惊的电影！不知道描述的是什么！是逗比在耍猴吗？总结一句话！还是老戏骨的电影更加耐人寻味！这些当红小花旦或者说编剧我想问你！小学毕业了吗？就你这写作水平！拍电影太牵强了！我还是建议回炉重造,1,3
0,10,肖战哥哥nice,0,2
1,4,不咋地啊。？,1,2
0,10,演技不错 喜欢 支持战战,1,2
1,3,有点失望……,2,2
0,5,不是因为肖战，我可能不会去看。,2,2
1,10,电影院好难找哦取票4楼看电影6楼影片还可以。,0,1
1,4,为了钱毁名著！,2,2
1,1,拍电影就像写作文一样。作文写的好不好，老师很重要。如果说上海堡垒的语文是体育老师教的话此片的语文应该是毛里求斯语老师教的。前者起码还能写出流水账，后者完全就是不知所云了。前者的作品堪称豆腐渣工程，此片就要美其名曰豆浆糊了。导演的天赋在前期宣传中用了至少九层。看完电影真是打心底心疼导演，作为一个专业的广告导演，使出吃奶的劲拍出这样的电影真是难为你了。但是谁也不是天生当导演的，就像吴京，不也是通过后期的努力才达到现在的小有成就吗。所以，天分不足，努力来补。导演的后期的努力我们可以从电影的细节中看出来。如果说，好的影片让我们成长、感悟，此片就是把我们绑起来，一刀一刀的活剐我们的希望和时光。,8,4
0,9,追的魏无羡，表演都还不错，就是2小时太短，情节展示不全,0,3
1,8,拍的还是挺好看的，,0,3
2,5,硬生生拍成了喜剧片,2,3
0,8,电影制作得不错,0,2
2,10,呜呜，看的我前面笑后面哭，最后看到小凡那样好难过,1,1
1,9,期待第二部的精彩。,1,5
1,6,还是和原创有很大的区别,0,5
2,10,虽然老是被同一场次的观众说还不如看青云志呢，可我真的觉得不错，不管怎样，要尊敬这部电影的台前幕后所有人的付出。我打满分，一开始很好笑，后面有一些我个人觉得有点略微恐怖的画面，再到后面，就是催泪的画面了。真心觉得不错，演员的演技很到位！,0,3
1,1,从头到尾，我一直在等诛仙剑，请问到底演了什么？,2,1
2,10,为肖战而来，加油,0,2
0,6,整体造型有点。。。,1,1
2,10,好看 有泪点 希望有下一部,0,4
2,7,给阿羡的 送给这个夏天的快乐,2,3
1,4,改的太多啦！连诛仙剑都没,1,3
0,10,肖战超级好看,0,1
0,10,因为在看影之前也看了很多影评，觉得大家的评价都不是太高。今天怀着忐忑的心情来看了，觉得很好啊！肖战的演技很有层次，让我很惊艳！各位美女的演技也不错啊，没想到居然粉上了孟美岐！希望各位加油，再努力！很喜欢各位演员！,1,2
1,4,亮星给包场 神tm尬片,0,4
2,6,肖战的演技还是不错的，就是感情发现的有点看不懂,0,1
1,1,烂片不好看的别看,1,2
2,1,剧情一言难尽啊，肖战要不是主演，都不会进电影院,3,2
1,5,看了一整场，居然没看见诛仙剑！,2,1
2,10,好看！！！！,0,1
2,5,编剧不行。台词有些莫名其妙。剧情前期发展慢 后期太快。鬼王强的很开挂了一样。全剧加分在狗子和猴子。,0,1
0,1,不好看只有特效,1,2
2,9,特效太棒了吧,0,2
0,8,建议看，肖战很帅。演技也跟好。推荐。小朋友就不要看了里面的幽姨真的很恐怖，会有阴影,0,1
2,8,貌似看过一遍 结尾还是看哭了 ,0,2
1,10,太好看了，搞笑满分，特效满分,0,2
2,1,不好看！！！,2,3
2,7,演技都好 剧情看不懂,0,2
0,4,特效时好时坏    场景感觉小    剧情有点生硬  尤其是比武时候    人物造型=,2,2
1,10,特炫，值得看,0,1
0,6,这个张小凡演的看着有点尴尬??，怪怪的,2,2
2,10,不错，就是有点不在我的想象当中那么好看，中途有点跳剧了,0,2
2,10,要是再长些就好了，感觉才看一点点，都是为了看我们的肖战，还是给你满分,1,2
1,10,好看，我认为很好，有我喜欢的所有演员，反正我很喜欢,1,2
1,1,尴尬的演技。。,1,2
1,8,视觉效果还行！,0,5
1,7,剧情一般，前后跳太大，大黄跟小灰演技出彩，可以看看。要是拍成3D该更好些。,0,2
2,2,这电影不要求符合原著，抛开原著剧情，人物设定，就按一部正常的电影来说吧，这个剧情的时间分布真的很无语: 前一个小时左右，东扯西拉，为了梗而梗，后半个小时，突然就剧情骤变，大战啦......感情突然明朗啦，虽然电影节奏要快一点才能交代清楚一些事情，但这个明显就是不用心啊，这是考验我们的智商吗！关键这种只是为了收割原著党跟粉丝党的行为真的很可耻，必须来拉低一下评分,4,2
1,8,还不错哦加油,0,2
1,1,虽然没看，演员导演注定1星,1,3
